merged_topic_label,total_reviews,avg_vader_sentiment,avg_text_length,avg_readability,bug_keyword_rate,request_keyword_rate,pain_point_flag
Ad Reward Issues,199,0.14584874371859297,149.83417085427135,79.30103609378584,0.1306532663316583,0.135678391959799,True
Addictive Gameplay,640,0.57479546875,32.365625,94.79278848609381,0.0,0.06875,False
Best Mobile Game,495,0.525080404040404,18.587878787878786,89.5599144187374,0.0,0.00202020202020202,False
Educational Entertainment,456,0.5690881578947369,12.603070175438596,63.65338167862841,0.0021929824561403508,0.0,False
Enjoyment and Entertainment,358,0.5070128491620112,13.773743016759777,68.16568118558806,0.0,0.12849162011173185,False
Other,1443,0.3832468468468469,106.60498960498961,79.61746678923161,0.05682605682605683,0.11503811503811504,False
Positive Classics,229,0.1822117903930131,30.362445414847162,71.64039493654164,0.004366812227074236,0.021834061135371178,False
Positive Feedback,1025,0.47101131707317073,7.548292682926829,89.95460522648087,0.0,0.0,False
Relaxation and Meditation,155,0.6544045161290323,29.43225806451613,50.5821730178424,0.0,0.012903225806451613,False
