merged_topic_label,anger,disgust,fear,joy,neutral,sadness,surprise
App Update & Graphics Feedback,0.00041177681696520483,0.0008235536339304097,0.00020588840848260242,0.009882643607164917,0.12476837554045707,0.0024706609017912293,0.0012353304508956147
Fun Game Experience,0.00020588840848260242,0.00020588840848260242,0.0,0.14844554251595635,0.011529750875025736,0.0008235536339304097,0.010294420424130122
Fun and Entertainment,0.0016471072678608193,0.00041177681696520483,0.0,0.044471896232242125,0.008853201564751905,0.0020588840848260242,0.0006176652254478073
In-Game Purchases,0.01770640312950381,0.01523574222771258,0.0010294420424130121,0.12332715668107885,0.08585546633724521,0.0504426600782376,0.019971175622812434
Misleading Advertisements,0.0020588840848260242,0.004941321803582459,0.00041177681696520483,0.00597076384599547,0.012559192917438749,0.00761787111385629,0.0018529956763434219
Negative Game Experience,0.001441218859378217,0.005558987029030266,0.0,0.0032942145357216387,0.017294626312538603,0.008235536339304097,0.0035001029442042414
Player Appreciation,0.0,0.0,0.0,0.04138357010500309,0.0010294420424130121,0.00020588840848260242,0.0008235536339304097
Positive Feedback,0.00041177681696520483,0.00020588840848260242,0.0,0.05703108914968087,0.07844348363187152,0.0020588840848260242,0.0026765493102738317
Positive Reactions,0.00020588840848260242,0.0006176652254478073,0.0,0.032324480131768585,0.014618077002264772,0.0018529956763434219,0.0084414247477867
