merged_topic_label,total_reviews,avg_vader_sentiment,avg_text_length,avg_readability,bug_keyword_rate,request_keyword_rate,pain_point_flag
App Update & Graphics Feedback,679,0.4025631811487481,12.484536082474227,98.03917668325936,0.004418262150220913,0.016200294550810016,False
Fun Game Experience,833,0.51561968787515,16.168067226890756,101.85566656986342,0.0,0.003601440576230492,False
Fun and Entertainment,282,0.5153712765957447,23.02482269503546,59.98874896295563,0.0,0.08865248226950355,False
In-Game Purchases,1523,0.3327111621799081,113.29218647406435,80.86543799166743,0.013788575180564675,0.10965200262639527,False
Misleading Advertisements,172,0.026405813953488375,86.62790697674419,78.76476711644625,0.011627906976744186,0.13953488372093023,True
Negative Game Experience,191,0.12792251308900524,26.93717277486911,72.41653669726678,0.0,0.015706806282722512,False
Player Appreciation,211,0.6217616113744076,26.933649289099527,98.96182875181692,0.0,0.009478672985781991,False
Positive Feedback,684,0.41132266081871344,8.890350877192983,91.02021966442082,0.0,0.0,False
Positive Reactions,282,0.5390251773049646,8.297872340425531,80.33799645390073,0.0,0.0035460992907801418,False
