merged_topic_label,anger,disgust,fear,joy,neutral,sadness,surprise
"""user-friendly app""",0.001594896331738437,0.001594896331738437,0.0,0.0861244019138756,0.05582137161084529,0.009569377990430622,0.007974481658692184
Unknown,0.0,0.0,0.0,0.001594896331738437,0.014354066985645933,0.0,0.0
app quality evaluation,0.0,0.001594896331738437,0.0,0.03668261562998405,0.012759170653907496,0.0,0.0
baby growth tracking,0.004784688995215311,0.007974481658692184,0.001594896331738437,0.19298245614035087,0.23604465709728867,0.012759170653907496,0.014354066985645933
easy and practical use,0.0,0.0,0.0,0.06220095693779904,0.08293460925039872,0.0,0.0
helpful and useful app,0.0,0.0,0.0,0.012759170653907496,0.022328548644338118,0.001594896331738437,0.0
positive feedback,0.0,0.001594896331738437,0.0,0.023923444976076555,0.03189792663476874,0.001594896331738437,0.004784688995215311
quality assessment,0.0,0.003189792663476874,0.0,0.001594896331738437,0.028708133971291867,0.0,0.0
useful clinical application,0.003189792663476874,0.004784688995215311,0.0,0.001594896331738437,0.011164274322169059,0.0,0.0
