merged_topic_label,total_reviews,avg_vader_sentiment,avg_text_length,avg_readability,bug_keyword_rate,request_keyword_rate,pain_point_flag
"""user-friendly app""",102,0.5261549019607843,67.2156862745098,79.70668287087967,0.058823529411764705,0.058823529411764705,False
Unknown,10,0.63315,7.3,120.20500000000001,0.0,0.0,False
app quality evaluation,32,0.53840625,11.0,100.40687500000001,0.0,0.0,False
baby growth tracking,295,0.6201403389830508,95.56949152542373,79.92447618767623,0.020338983050847456,0.061016949152542375,False
easy and practical use,91,0.5234461538461539,29.164835164835164,74.84810677417822,0.0,0.02197802197802198,False
helpful and useful app,23,0.45820000000000005,13.043478260869565,37.35586956521741,0.0,0.0,False
positive feedback,40,0.524925,8.65,88.11687500000002,0.0,0.0,False
quality assessment,21,0.31767619047619045,4.142857142857143,117.14309523809527,0.0,0.0,False
useful clinical application,13,0.18583076923076922,30.53846153846154,49.092115384615404,0.0,0.0,False
