merged_topic_label,total_reviews,avg_vader_sentiment,avg_text_length,avg_readability,bug_keyword_rate,request_keyword_rate,pain_point_flag
Unknown,684,0.38119956140350875,47.73830409356725,88.86636687509677,0.023391812865497075,0.04093567251461988,False
unknown,4316,0.45359337349397594,35.131603336422614,91.68246587354761,0.008341056533827619,0.0319740500463392,False
