merged_topic_label,total_reviews,avg_vader_sentiment,avg_text_length,avg_readability,bug_keyword_rate,request_keyword_rate,pain_point_flag
Efootball Comparison,248,0.4902447580645162,66.98387096774194,81.97480360326826,0.0,0.05241935483870968,False
Graphics Quality,156,0.4404538461538462,43.35897435897436,83.82956628615206,0.00641025641025641,0.03205128205128205,False
Neymar Jr. Request,81,0.2649753086419753,56.03703703703704,66.32141136282716,0.0,0.30864197530864196,False
Player Quality and Features,201,0.05128955223880597,35.985074626865675,93.72729748002737,0.03482587064676617,0.014925373134328358,False
Player Trading and Purchases,1771,0.2766669678147939,104.88932806324111,76.66105895631226,0.06437041219649915,0.1767363071710898,False
Poor Game Quality,971,0.44582193614830073,24.262615859938208,99.13008928606358,0.0010298661174047373,0.009268795056642637,False
Positive Feedback,438,0.4547974885844749,9.723744292237443,59.35189082606893,0.0,0.0045662100456621,False
Positive Praise,367,0.4438506811989101,7.455040871934605,93.73073569482291,0.0,0.005449591280653951,False
Top-rated features,767,0.42786219035202083,20.20078226857888,109.3501135823642,0.003911342894393742,0.01303780964797914,False
