merged_topic_label,total_reviews,avg_vader_sentiment,avg_text_length,avg_readability,bug_keyword_rate,request_keyword_rate,pain_point_flag
Ad-Free Gaming Experience,568,0.0587068661971831,124.87676056338029,78.70336753305013,0.04225352112676056,0.2130281690140845,True
Arabic Game Graphics,328,0.16433506097560974,28.539634146341463,62.01374448666372,0.0,0.006097560975609756,False
Enjoyment and Liveliness,491,0.5549295315682281,22.19959266802444,79.95643884927952,0.0,0.004073319755600814,False
Impressed Reactions,164,0.5813567073170732,11.012195121951219,81.60849303135892,0.0,0.0,False
Other,1559,0.3350830660679923,120.78511866581142,80.69895613271714,0.03399615137908916,0.11289288005131494,False
Player Appreciation,396,0.6525633838383839,25.232323232323232,99.22527223117298,0.0,0.0025252525252525255,False
Positive Feedback,682,0.4567067448680352,10.334310850439882,107.56734761579922,0.0,0.001466275659824047,False
Positive Game Feedback,478,0.4950889121338912,14.589958158995817,101.61409169805093,0.0020920502092050207,0.0041841004184100415,False
Top-rated experiences,334,0.5342041916167665,9.91317365269461,72.31451668092389,0.0,0.03592814371257485,False
