merged_topic_label,anger,disgust,fear,joy,neutral,sadness,surprise
Unknown,0.0,0.0,0.0,0.0015313935681470138,0.0030627871362940277,0.0,0.0030627871362940277
game performance issues,0.036753445635528334,0.045941807044410414,0.007656967840735069,0.16232771822358347,0.2542113323124043,0.29249617151607965,0.05359877488514548
netflix game access,0.004594180704441042,0.004594180704441042,0.004594180704441042,0.013782542113323124,0.045941807044410414,0.030627871362940276,0.013782542113323124
ภาษาไทยและอังกฤษ,0.0,0.004594180704441042,0.0,0.0,0.015313935681470138,0.0,0.0015313935681470138
