merged_topic_label,anger,disgust,fear,joy,neutral,sadness,surprise
Game Quality Issues,0.04134762633996937,0.05053598774885146,0.01225114854517611,0.1776416539050536,0.30321592649310875,0.3231240428790199,0.07044410413476264
Language and Localization,0.0,0.004594180704441042,0.0,0.0,0.015313935681470138,0.0,0.0015313935681470138
