merged_topic_label,total_reviews,avg_vader_sentiment,avg_text_length,avg_readability,bug_keyword_rate,request_keyword_rate,pain_point_flag
Game Quality Issues,639,0.18822003129890452,136.48043818466354,75.09936809401411,0.4397496087636933,0.06885758998435054,True
Language and Localization,14,0.019514285714285713,109.28571428571429,87.66683583959902,0.0,0.0,False
