merged_topic_label,total_reviews,avg_vader_sentiment,avg_text_length,avg_readability,bug_keyword_rate,request_keyword_rate,pain_point_flag
Unknown,5,0.7804800000000001,176.8,88.70879648054651,0.4,0.0,False
game performance issues,557,0.17561149012567326,136.2926391382406,74.65606155295681,0.4614003590664273,0.06463195691202872,True
netflix game access,77,0.24096883116883117,135.2207792207792,77.42241486591337,0.2857142857142857,0.1038961038961039,False
ภาษาไทยและอังกฤษ,14,0.019514285714285713,109.28571428571429,87.66683583959902,0.0,0.0,False
