merged_topic_label,total_reviews,avg_vader_sentiment,avg_text_length,avg_readability,bug_keyword_rate,request_keyword_rate,pain_point_flag
Fruit and Vegetable Game,716,0.6561587988826816,43.93994413407821,91.92095838147281,0.0013966480446927375,0.07541899441340782,False
Fun and Entertainment,482,0.5019271784232365,19.062240663900415,66.65936149007443,0.0,0.0912863070539419,False
Game enjoyment,174,0.1351741379310345,26.17241379310345,77.59513439253645,0.005747126436781609,0.0,False
Other,1648,0.4058100121359223,115.61771844660194,81.2038757519765,0.06796116504854369,0.10558252427184465,False
Positive App Experiences,190,0.1728184210526316,79.13157894736842,84.63455558397882,0.30526315789473685,0.1736842105263158,True
Positive Feedback,760,0.5198889473684211,9.347368421052632,88.61850046992483,0.0,0.0013157894736842105,False
Positive Game Feedback,532,0.5114056390977443,16.838345864661655,101.29530330806413,0.0,0.0018796992481203006,False
Positive Impressions,395,0.5197448101265824,8.453164556962026,51.08034267631106,0.0,0.0,False
Relaxation and Calm,103,0.4864281553398058,28.116504854368934,44.421428461787286,0.0,0.0,False
