merged_topic_label,total_reviews,avg_vader_sentiment,avg_text_length,avg_readability,bug_keyword_rate,request_keyword_rate,pain_point_flag
Addictive Nature,105,0.3656304761904762,30.97142857142857,19.77882985571223,0.0,0.7523809523809524,False
City chaos and rebuilding,325,0.559204923076923,9.932307692307692,107.13150610704794,0.0,0.003076923076923077,False
Community Chest Changes,47,0.11552127659574467,203.12765957446808,77.42603791912299,0.02127659574468085,0.1702127659574468,True
Other,2457,0.28106764346764346,161.98778998779,76.80249615413273,0.10704110704110704,0.1111111111111111,False
Positive Feedback,790,0.5101321518987342,10.40126582278481,95.82712349180817,0.0,0.0037974683544303796,False
Positive Game Experience,117,0.512882905982906,9.905982905982906,65.86752525252527,0.0,0.008547008547008548,False
Positive Game Feedback,390,0.6105712820512821,17.546153846153846,105.13075435675438,0.0,0.0,False
Simple and Fun Gameplay,769,0.5440076723016906,51.30559167750325,93.25753618032675,0.010403120936280884,0.10403120936280884,False
