merged_topic_label,total_reviews,avg_vader_sentiment,avg_text_length,avg_readability,bug_keyword_rate,request_keyword_rate,pain_point_flag
Unknown,1348,0.40570504451038575,113.97403560830861,76.89186417134675,0.08382789317507418,0.1142433234421365,False
unknown,3652,0.36454285323110625,74.30230010952903,84.5359847470873,0.0572289156626506,0.10021905805038335,False
