merged_topic_label,total_reviews,avg_vader_sentiment,avg_text_length,avg_readability,bug_keyword_rate,request_keyword_rate,pain_point_flag
Classic Players,270,0.1697451851851852,34.092592592592595,87.93953798752953,0.003703703703703704,0.018518518518518517,False
Game Strategy,193,0.22432124352331603,94.860103626943,72.14529385237198,0.015544041450777202,0.08808290155440414,False
Performance and Connectivity Issues,1358,0.2978418262150221,106.96539027982327,78.9991920630371,0.05817378497790869,0.1332842415316642,False
Positive Feedback,954,0.4560069182389937,7.166666666666667,94.59257467113602,0.0010482180293501049,0.0,False
Positive Game Feedback,1434,0.5216337517433751,23.871687587168758,98.83371035521633,0.000697350069735007,0.010460251046025104,False
Positive Praise,61,0.02775409836065574,40.09836065573771,108.52376756440285,0.0,0.0,False
Top Quality,246,0.42915934959349594,29.382113821138212,77.7903632430121,0.0,0.044715447154471545,False
Top-rated Game,306,0.4295362745098039,10.954248366013072,59.65595063025212,0.0,0.0,False
User Appreciation,178,0.5108544943820225,12.134831460674157,84.92262331769356,0.0,0.0056179775280898875,False
