merged_topic_label,anger,disgust,fear,joy,neutral,sadness,surprise
Game Quality and Performance,0.0014158576051779936,0.0006067961165048543,0.0,0.063915857605178,0.017192556634304208,0.0020226537216828477,0.003033980582524272
Gameplay and Regions,0.0024271844660194173,0.0008090614886731392,0.0002022653721682848,0.052588996763754045,0.007079288025889968,0.0018203883495145632,0.006067961165048544
Garden Play,0.0006067961165048543,0.0002022653721682848,0.0,0.019619741100323624,0.003033980582524272,0.0004045307443365696,0.0020226537216828477
Mixed Feedback,0.007686084142394822,0.0036407766990291263,0.0014158576051779936,0.050970873786407765,0.05622977346278317,0.008090614886731391,0.0056634304207119745
Mixed Feelings on Game,0.0016181229773462784,0.0010113268608414239,0.0,0.07342233009708737,0.0093042071197411,0.005865695792880259,0.006067961165048544
Positive Game Feedback,0.0008090614886731392,0.0008090614886731392,0.0002022653721682848,0.03499190938511327,0.023462783171521034,0.0012135922330097086,0.0034385113268608413
Robux and In-Game Purchases,0.010315533980582525,0.0034385113268608413,0.0014158576051779936,0.06654530744336569,0.029328478964401293,0.030946601941747573,0.013754045307443365
Top-rated game,0.0,0.0002022653721682848,0.0,0.030744336569579287,0.013147249190938511,0.0006067961165048543,0.0054611650485436895
Wi-Fi Connectivity Issues,0.01476537216828479,0.010720064724919093,0.003033980582524272,0.1486650485436893,0.058656957928802586,0.052588996763754045,0.024676375404530743
