merged_topic_label,total_reviews,avg_vader_sentiment,avg_text_length,avg_readability,bug_keyword_rate,request_keyword_rate,pain_point_flag
Game Quality and Performance,436,0.5032518348623853,28.972477064220183,99.98840919586722,0.0022935779816513763,0.011467889908256881,False
Gameplay and Regions,351,0.5890649572649572,52.225071225071225,88.27646842420582,0.002849002849002849,0.03418803418803419,False
Garden Play,128,0.610615625,87.9765625,85.2890646634568,0.0234375,0.0703125,False
Mixed Feedback,661,0.2351996974281392,32.35400907715582,96.1528340108352,0.019667170953101363,0.009077155824508321,False
Mixed Feelings on Game,481,0.5189677754677755,48.11434511434511,96.42897012681411,0.004158004158004158,0.02286902286902287,False
Positive Game Feedback,321,0.46951028037383175,12.202492211838006,92.46017919575945,0.0,0.0,False
Robux and In-Game Purchases,770,0.41752064935064936,132.2935064935065,85.50556384313333,0.06363636363636363,0.12857142857142856,False
Top-rated game,248,0.5743096774193548,33.57661290322581,95.8567203516627,0.004032258064516129,0.008064516129032258,False
Wi-Fi Connectivity Issues,1548,0.36431912144702844,85.78682170542636,87.16803267096455,0.09302325581395349,0.11046511627906977,False
