merged_topic_label,total_reviews,avg_vader_sentiment,avg_text_length,avg_readability,bug_keyword_rate,request_keyword_rate,pain_point_flag
Ad Expectations vs. Reality,652,-0.05761579754601227,116.32668711656441,77.03453631693333,0.023006134969325152,0.05214723926380368,True
Addiction and Toxicity,52,0.19899423076923076,22.192307692307693,21.080087215416185,0.0,0.9038461538461539,False
App Compatibility Issues,103,0.2973902912621359,17.883495145631066,104.64060888283619,0.0,0.0,False
App Crashes and Stability,250,-2.2399999999998088e-05,110.2,84.24701880142807,0.164,0.244,True
Data Sharing Concerns,148,0.3259013513513514,137.49324324324326,68.25579410371604,0.006756756756756757,0.033783783783783786,False
Gameplay Difficulty and Fun,378,0.47015952380952386,26.58730158730159,96.43429635004472,0.0,0.005291005291005291,False
Other,1563,0.22466276391554701,128.47600767754318,77.80398787223442,0.09341010876519514,0.07293666026871401,False
Positive Feedback,953,0.3825819517313746,11.783840503672613,79.95458825305028,0.0,0.001049317943336831,False
Visual Appeal and Relaxation,901,0.46499900110987796,18.9023307436182,102.57597870537684,0.0011098779134295228,0.026637069922308545,False
