merged_topic_label,total_reviews,avg_vader_sentiment,avg_text_length,avg_readability,bug_keyword_rate,request_keyword_rate,pain_point_flag
Unknown,1690,0.20924852071005917,150.27100591715975,75.46635283753963,0.07869822485207101,0.11124260355029586,True
unknown,3310,0.2566753172205438,82.70302114803626,82.50342733820578,0.04138972809667674,0.0634441087613293,False
