merged_topic_label,total_reviews,avg_vader_sentiment,avg_text_length,avg_readability,bug_keyword_rate,request_keyword_rate,pain_point_flag
Enjoyment and Fun,760,0.5644909210526315,43.76315789473684,74.71641186152279,0.002631578947368421,0.07763157894736843,False
Game Experience and Community,266,0.1842593984962406,149.58646616541353,73.56374305955286,0.022556390977443608,0.09398496240601503,False
Game Frustrations,94,0.018604255319148937,51.88297872340426,72.90282047508451,0.010638297872340425,0.0,False
Mixed Feedback,374,0.34757486631016044,8.858288770053475,73.66878243414342,0.00267379679144385,0.0053475935828877,False
Other,2386,0.3233277870913663,194.21877619446772,77.48853037518609,0.05825649622799665,0.12405699916177704,False
Positive Game Experience,302,0.5806003311258278,10.7682119205298,90.6620648060549,0.0,0.0,False
Positive Gaming Experience,699,0.542988268955651,20.23319027181688,101.22979386902753,0.0,0.001430615164520744,False
Sound Control Issues,119,0.21301680672268908,87.52100840336135,79.76464200837974,0.008403361344537815,0.025210084033613446,False
