merged_topic_label,negative_proportion,total_reviews,pain_point_flag
Candy Crush Enjoyment,0.08653846153846154,104,False
Excessive Ads,0.4872448979591837,392,True
Exciting Experiences,0.11705685618729098,299,False
Negative Game Experience,0.030303030303030304,726,False
Other,0.09877622377622378,1144,False
Positive Feedback,0.04213036565977742,1258,False
Positive Fun,0.017241379310344827,116,False
Positive Game Feedback,0.012379642365887207,727,False
Stress Relief,0.06837606837606838,234,False
