merged_topic_label,total_reviews,avg_vader_sentiment,avg_text_length,avg_readability,bug_keyword_rate,request_keyword_rate,pain_point_flag
Candy Crush Enjoyment,104,0.5694125,90.4326923076923,79.94911968480898,0.028846153846153848,0.057692307692307696,False
Excessive Ads,392,0.08036454081632653,124.6811224489796,79.5886099514024,0.06887755102040816,0.1326530612244898,True
Exciting Experiences,299,0.37806923076923077,16.294314381270905,45.56235397580081,0.0033444816053511705,0.12709030100334448,False
Negative Game Experience,726,0.5153535812672176,17.739669421487605,98.00409225719996,0.0013774104683195593,0.006887052341597796,False
Other,1144,0.48285795454545455,50.19405594405595,88.92653203996676,0.009615384615384616,0.08828671328671328,False
Positive Feedback,1258,0.42663616852146263,13.007949125596184,80.81067266851339,0.0,0.00794912559618442,False
Positive Fun,116,0.6463387931034483,16.25862068965517,92.94826606583075,0.0,0.008620689655172414,False
Positive Game Feedback,727,0.48545667125171943,8.008253094910591,82.09360380678471,0.0,0.0,False
Stress Relief,234,0.47775769230769227,39.51282051282051,69.78428277916424,0.0,0.017094017094017096,False
